what,kind,bundleId,bundleVersion,description,time
executed,command,,,"AUTOGEN:::org.eclipse.jdt.debug.CompilationUnitEditor.BreakpointRulerActions/org.eclipse.jdt.debug.ui.actions.ManageBreakpointRulerAction",1316638103628
executed,command,,,"AUTOGEN:::org.eclipse.jdt.debug.CompilationUnitEditor.BreakpointRulerActions/org.eclipse.jdt.debug.ui.actions.ManageBreakpointRulerAction",1316638104774
activated,view,org.eclipse.debug.ui,3.7.0.v20110518,"org.eclipse.debug.ui.DebugView",1316638106943
executed,command,org.eclipse.debug.ui,3.7.0.v20110518,"org.eclipse.debug.ui.commands.Terminate",1316638107069
deactivated,workbench,org.eclipse.ui.workbench,3.7.0.I20110519-0100,"",1316638110026
activated,workbench,org.eclipse.ui.workbench,3.7.0.I20110519-0100,"",1316638110693
activated,view,org.eclipse.debug.ui,3.7.0.v20110518,"org.eclipse.debug.ui.VariableView",1316638113166
activated,view,org.eclipse.debug.ui,3.7.0.v20110518,"org.eclipse.debug.ui.DebugView",1316638125080
executed,command,org.eclipse.debug.ui,3.7.0.v20110518,"org.eclipse.debug.ui.commands.Resume",1316638125150
executed,command,org.eclipse.debug.ui,3.7.0.v20110518,"org.eclipse.debug.ui.commands.Resume",1316638126844
executed,command,org.eclipse.debug.ui,3.7.0.v20110518,"org.eclipse.debug.ui.commands.Resume",1316638129667
executed,command,org.eclipse.debug.ui,3.7.0.v20110518,"org.eclipse.debug.ui.commands.Resume",1316638132581
executed,command,org.eclipse.debug.ui,3.7.0.v20110518,"org.eclipse.debug.ui.commands.Resume",1316638142467
executed,command,org.eclipse.debug.ui,3.7.0.v20110518,"org.eclipse.debug.ui.commands.Resume",1316638143795
executed,command,org.eclipse.debug.ui,3.7.0.v20110518,"org.eclipse.debug.ui.commands.Resume",1316638145133
executed,command,org.eclipse.debug.ui,3.7.0.v20110518,"org.eclipse.debug.ui.commands.Resume",1316638146266
executed,command,org.eclipse.debug.ui,3.7.0.v20110518,"org.eclipse.debug.ui.commands.Resume",1316638147390
executed,command,org.eclipse.debug.ui,3.7.0.v20110518,"org.eclipse.debug.ui.commands.Resume",1316638156250
executed,command,org.eclipse.debug.ui,3.7.0.v20110518,"org.eclipse.debug.ui.commands.Resume",1316638164293
executed,command,org.eclipse.debug.ui,3.7.0.v20110518,"org.eclipse.debug.ui.commands.Resume",1316638165501
executed,command,org.eclipse.debug.ui,3.7.0.v20110518,"org.eclipse.debug.ui.commands.Resume",1316638170081
executed,command,org.eclipse.debug.ui,3.7.0.v20110518,"org.eclipse.debug.ui.commands.Resume",1316638171092
executed,command,org.eclipse.debug.ui,3.7.0.v20110518,"org.eclipse.debug.ui.commands.Resume",1316638172249
activated,editor,org.eclipse.jdt.ui,3.7.0.v20110531-1200,"org.eclipse.jdt.ui.CompilationUnitEditor",1316638226355
executed,command,org.eclipse.ui,3.7.0.I20110602-0100,"org.eclipse.ui.file.save",1316638244498
activated,view,org.eclipse.debug.ui,3.7.0.v20110518,"org.eclipse.debug.ui.DebugView",1316638247557
executed,command,org.eclipse.debug.ui,3.7.0.v20110518,"org.eclipse.debug.ui.commands.Terminate",1316638247648
deactivated,workbench,org.eclipse.ui.workbench,3.7.0.I20110519-0100,"",1316638252934
activated,workbench,org.eclipse.ui.workbench,3.7.0.I20110519-0100,"",1316638253512
activated,view,org.eclipse.debug.ui,3.7.0.v20110518,"org.eclipse.debug.ui.VariableView",1316638256772
activated,editor,org.eclipse.jdt.ui,3.7.0.v20110531-1200,"org.eclipse.jdt.ui.CompilationUnitEditor",1316638267262
executed,command,,,"AUTOGEN:::org.eclipse.jdt.debug.CompilationUnitEditor.BreakpointRulerActions/org.eclipse.jdt.debug.ui.actions.ManageBreakpointRulerAction",1316638267720
executed,command,,,"AUTOGEN:::org.eclipse.jdt.debug.CompilationUnitEditor.BreakpointRulerActions/org.eclipse.jdt.debug.ui.actions.ManageBreakpointRulerAction",1316638275551
activated,view,org.eclipse.debug.ui,3.7.0.v20110518,"org.eclipse.debug.ui.DebugView",1316638277640
executed,command,org.eclipse.debug.ui,3.7.0.v20110518,"org.eclipse.debug.ui.commands.Resume",1316638277735
executed,command,org.eclipse.debug.ui,3.7.0.v20110518,"org.eclipse.debug.ui.commands.Resume",1316638295061
executed,command,org.eclipse.debug.ui,3.7.0.v20110518,"org.eclipse.debug.ui.commands.Resume",1316638298178
executed,command,org.eclipse.debug.ui,3.7.0.v20110518,"org.eclipse.debug.ui.commands.Resume",1316638300944
executed,command,org.eclipse.debug.ui,3.7.0.v20110518,"org.eclipse.debug.ui.commands.Resume",1316638310294
executed,command,org.eclipse.debug.ui,3.7.0.v20110518,"org.eclipse.debug.ui.commands.Resume",1316638315626
opened,editor,org.eclipse.debug.ui,3.7.0.v20110518,"org.eclipse.debug.ui.sourcelookup.CommonSourceNotFoundEditor",1316638315896
executed,command,org.eclipse.debug.ui,3.7.0.v20110518,"org.eclipse.debug.ui.commands.Terminate",1316638323553
closed,editor,org.eclipse.debug.ui,3.7.0.v20110518,"org.eclipse.debug.ui.sourcelookup.CommonSourceNotFoundEditor",1316638323661
activated,editor,org.eclipse.jdt.ui,3.7.0.v20110531-1200,"org.eclipse.jdt.ui.CompilationUnitEditor",1316638326294
executed,command,org.eclipse.ui,3.7.0.I20110602-0100,"org.eclipse.ui.file.save",1316638328229
deactivated,workbench,org.eclipse.ui.workbench,3.7.0.I20110519-0100,"",1316638341702
activated,workbench,org.eclipse.ui.workbench,3.7.0.I20110519-0100,"",1316638342367
activated,view,org.eclipse.debug.ui,3.7.0.v20110518,"org.eclipse.debug.ui.DebugView",1316638349900
executed,command,org.eclipse.debug.ui,3.7.0.v20110518,"org.eclipse.debug.ui.commands.Resume",1316638349990
executed,command,org.eclipse.debug.ui,3.7.0.v20110518,"org.eclipse.debug.ui.commands.Resume",1316638356177
executed,command,org.eclipse.debug.ui,3.7.0.v20110518,"org.eclipse.debug.ui.commands.Resume",1316638361037
executed,command,org.eclipse.debug.ui,3.7.0.v20110518,"org.eclipse.debug.ui.commands.Resume",1316638362622
executed,command,org.eclipse.debug.ui,3.7.0.v20110518,"org.eclipse.debug.ui.commands.Terminate",1316638377239
deactivated,workbench,org.eclipse.ui.workbench,3.7.0.I20110519-0100,"",1316638379850
activated,workbench,org.eclipse.ui.workbench,3.7.0.I20110519-0100,"",1316638380496
executed,command,org.eclipse.debug.ui,3.7.0.v20110518,"org.eclipse.debug.ui.commands.Terminate",1316638388781
activated,editor,org.eclipse.jdt.ui,3.7.0.v20110531-1200,"org.eclipse.jdt.ui.CompilationUnitEditor",1316638394066
activated,perspective,org.eclipse.jdt.ui,3.7.0.v20110531-1200,"org.eclipse.jdt.ui.JavaPerspective",1316638400576
activated,view,org.eclipse.jdt.ui,3.7.0.v20110531-1200,"org.eclipse.jdt.ui.PackageExplorer",1316638402869
opened,editor,org.eclipse.jdt.ui,3.7.0.v20110531-1200,"org.eclipse.jdt.ui.CompilationUnitEditor",1316638403204
activated,editor,org.eclipse.jdt.ui,3.7.0.v20110531-1200,"org.eclipse.jdt.ui.CompilationUnitEditor",1316638403363
executed,command,org.eclipse.ui,3.7.0.I20110602-0100,"org.eclipse.ui.file.save",1316638410046
deactivated,workbench,org.eclipse.ui.workbench,3.7.0.I20110519-0100,"",1316638413357
activated,perspective,org.eclipse.debug.ui,3.7.0.v20110518,"org.eclipse.debug.ui.DebugPerspective",1316638414021
activated,workbench,org.eclipse.ui.workbench,3.7.0.I20110519-0100,"",1316638414157
activated,editor,org.eclipse.jdt.ui,3.7.0.v20110531-1200,"org.eclipse.jdt.ui.CompilationUnitEditor",1316638414629
activated,view,org.eclipse.debug.ui,3.7.0.v20110518,"org.eclipse.debug.ui.DebugView",1316638422451
executed,command,org.eclipse.debug.ui,3.7.0.v20110518,"org.eclipse.debug.ui.commands.Resume",1316638422556
executed,command,org.eclipse.debug.ui,3.7.0.v20110518,"org.eclipse.debug.ui.commands.StepInto",1316638443782
opened,editor,org.eclipse.debug.ui,3.7.0.v20110518,"org.eclipse.debug.ui.sourcelookup.CommonSourceNotFoundEditor",1316638444001
activated,editor,org.eclipse.jdt.ui,3.7.0.v20110531-1200,"org.eclipse.jdt.ui.CompilationUnitEditor",1316638455473
activated,view,org.eclipse.debug.ui,3.7.0.v20110518,"org.eclipse.debug.ui.DebugView",1316638472716
executed,command,org.eclipse.debug.ui,3.7.0.v20110518,"org.eclipse.debug.ui.commands.Resume",1316638476552
executed,command,org.eclipse.debug.ui,3.7.0.v20110518,"org.eclipse.debug.ui.commands.StepOver",1316638485667
executed,command,org.eclipse.debug.ui,3.7.0.v20110518,"org.eclipse.debug.ui.commands.StepOver",1316638489071
executed,command,org.eclipse.debug.ui,3.7.0.v20110518,"org.eclipse.debug.ui.commands.StepOver",1316638490577
executed,command,org.eclipse.debug.ui,3.7.0.v20110518,"org.eclipse.debug.ui.commands.StepOver",1316638496952
executed,command,org.eclipse.debug.ui,3.7.0.v20110518,"org.eclipse.debug.ui.commands.StepOver",1316638497834
executed,command,org.eclipse.debug.ui,3.7.0.v20110518,"org.eclipse.debug.ui.commands.StepInto",1316638546033
executed,command,org.eclipse.debug.ui,3.7.0.v20110518,"org.eclipse.debug.ui.commands.StepOver",1316638547969
executed,command,org.eclipse.debug.ui,3.7.0.v20110518,"org.eclipse.debug.ui.commands.StepOver",1316638549881
executed,command,org.eclipse.debug.ui,3.7.0.v20110518,"org.eclipse.debug.ui.commands.StepOver",1316638552577
executed,command,org.eclipse.debug.ui,3.7.0.v20110518,"org.eclipse.debug.ui.commands.StepOver",1316638555831
executed,command,org.eclipse.debug.ui,3.7.0.v20110518,"org.eclipse.debug.ui.commands.StepOver",1316638558835
executed,command,org.eclipse.debug.ui,3.7.0.v20110518,"org.eclipse.debug.ui.commands.StepOver",1316638560399
executed,command,org.eclipse.debug.ui,3.7.0.v20110518,"org.eclipse.debug.ui.commands.Resume",1316638594453
activated,editor,org.eclipse.jdt.ui,3.7.0.v20110531-1200,"org.eclipse.jdt.ui.CompilationUnitEditor",1316638596646
executed,command,,,"AUTOGEN:::org.eclipse.jdt.debug.CompilationUnitEditor.BreakpointRulerActions/org.eclipse.jdt.debug.ui.actions.ManageBreakpointRulerAction",1316638596793
activated,view,org.eclipse.debug.ui,3.7.0.v20110518,"org.eclipse.debug.ui.DebugView",1316638598466
executed,command,org.eclipse.debug.ui,3.7.0.v20110518,"org.eclipse.debug.ui.commands.Terminate",1316638598555
closed,editor,org.eclipse.debug.ui,3.7.0.v20110518,"org.eclipse.debug.ui.sourcelookup.CommonSourceNotFoundEditor",1316638598602
deactivated,workbench,org.eclipse.ui.workbench,3.7.0.I20110519-0100,"",1316638600724
activated,workbench,org.eclipse.ui.workbench,3.7.0.I20110519-0100,"",1316638610255
deactivated,workbench,org.eclipse.ui.workbench,3.7.0.I20110519-0100,"",1316638615778
activated,workbench,org.eclipse.ui.workbench,3.7.0.I20110519-0100,"",1316638624226
activated,editor,org.eclipse.jdt.ui,3.7.0.v20110531-1200,"org.eclipse.jdt.ui.CompilationUnitEditor",1316638627621
activated,editor,org.eclipse.jdt.ui,3.7.0.v20110531-1200,"org.eclipse.jdt.ui.CompilationUnitEditor",1316638634655
executed,command,,,"AUTOGEN:::org.eclipse.jdt.debug.CompilationUnitEditor.BreakpointRulerActions/org.eclipse.jdt.debug.ui.actions.ManageBreakpointRulerAction",1316638644832
deactivated,workbench,org.eclipse.ui.workbench,3.7.0.I20110519-0100,"",1316638650211
activated,workbench,org.eclipse.ui.workbench,3.7.0.I20110519-0100,"",1316638650826
activated,view,org.eclipse.debug.ui,3.7.0.v20110518,"org.eclipse.debug.ui.DebugView",1316638723723
executed,command,org.eclipse.debug.ui,3.7.0.v20110518,"org.eclipse.debug.ui.commands.Resume",1316638723829
executed,command,org.eclipse.debug.ui,3.7.0.v20110518,"org.eclipse.debug.ui.commands.Resume",1316638755907
executed,command,org.eclipse.debug.ui,3.7.0.v20110518,"org.eclipse.debug.ui.commands.Resume",1316638765092
activated,perspective,org.eclipse.jdt.ui,3.7.0.v20110531-1200,"org.eclipse.jdt.ui.JavaPerspective",1316638788075
activated,editor,org.eclipse.jdt.ui,3.7.0.v20110531-1200,"org.eclipse.jdt.ui.CompilationUnitEditor",1316638788097
activated,editor,org.eclipse.jdt.ui,3.7.0.v20110531-1200,"org.eclipse.jdt.ui.CompilationUnitEditor",1316638791221
executed,command,org.eclipse.ui,3.7.0.I20110602-0100,"org.eclipse.ui.file.save",1316638861945
activated,editor,org.eclipse.jdt.ui,3.7.0.v20110531-1200,"org.eclipse.jdt.ui.CompilationUnitEditor",1316638868332
activated,editor,org.eclipse.jdt.ui,3.7.0.v20110531-1200,"org.eclipse.jdt.ui.CompilationUnitEditor",1316638882701
deactivated,workbench,org.eclipse.ui.workbench,3.7.0.I20110519-0100,"",1316638886242
activated,perspective,org.eclipse.debug.ui,3.7.0.v20110518,"org.eclipse.debug.ui.DebugPerspective",1316638886828
activated,workbench,org.eclipse.ui.workbench,3.7.0.I20110519-0100,"",1316638886968
activated,editor,org.eclipse.jdt.ui,3.7.0.v20110531-1200,"org.eclipse.jdt.ui.CompilationUnitEditor",1316638887344
activated,editor,org.eclipse.jdt.ui,3.7.0.v20110531-1200,"org.eclipse.jdt.ui.CompilationUnitEditor",1316639048642
deactivated,workbench,org.eclipse.ui.workbench,3.7.0.I20110519-0100,"",1316639082612
activated,workbench,org.eclipse.ui.workbench,3.7.0.I20110519-0100,"",1316639094017
deactivated,workbench,org.eclipse.ui.workbench,3.7.0.I20110519-0100,"",1316639098665
activated,workbench,org.eclipse.ui.workbench,3.7.0.I20110519-0100,"",1316639100068
executed,command,org.eclipse.ui,3.7.0.I20110602-0100,"org.eclipse.ui.file.save",1316639259636
activated,view,org.eclipse.debug.ui,3.7.0.v20110518,"org.eclipse.debug.ui.DebugView",1316639263027
executed,command,org.eclipse.debug.ui,3.7.0.v20110518,"org.eclipse.debug.ui.commands.Terminate",1316639263313
deactivated,workbench,org.eclipse.ui.workbench,3.7.0.I20110519-0100,"",1316639267189
activated,workbench,org.eclipse.ui.workbench,3.7.0.I20110519-0100,"",1316639267919
executed,command,org.eclipse.debug.ui,3.7.0.v20110518,"org.eclipse.debug.ui.commands.Resume",1316639269125
executed,command,org.eclipse.debug.ui,3.7.0.v20110518,"org.eclipse.debug.ui.commands.Resume",1316639270087
executed,command,org.eclipse.debug.ui,3.7.0.v20110518,"org.eclipse.debug.ui.commands.Resume",1316639271167
executed,command,org.eclipse.debug.ui,3.7.0.v20110518,"org.eclipse.debug.ui.commands.Resume",1316639272244
activated,editor,org.eclipse.jdt.ui,3.7.0.v20110531-1200,"org.eclipse.jdt.ui.CompilationUnitEditor",1316639283741
executed,command,org.eclipse.ui,3.7.0.I20110602-0100,"org.eclipse.ui.file.save",1316639292769
activated,editor,org.eclipse.jdt.ui,3.7.0.v20110531-1200,"org.eclipse.jdt.ui.CompilationUnitEditor",1316639296101
executed,command,,,"AUTOGEN:::org.eclipse.jdt.debug.CompilationUnitEditor.BreakpointRulerActions/org.eclipse.jdt.debug.ui.actions.ManageBreakpointRulerAction",1316639297859
deactivated,workbench,org.eclipse.ui.workbench,3.7.0.I20110519-0100,"",1316639300168
activated,workbench,org.eclipse.ui.workbench,3.7.0.I20110519-0100,"",1316639304413
activated,perspective,org.eclipse.jdt.ui,3.7.0.v20110531-1200,"org.eclipse.jdt.ui.JavaPerspective",1316639306837
activated,view,org.eclipse.jdt.ui,3.7.0.v20110531-1200,"org.eclipse.jdt.ui.PackageExplorer",1316639308607
activated,view,org.eclipse.jdt.junit,3.7.0.v20110505-0800,"org.eclipse.jdt.junit.ResultView",1316639317613
executed,command,org.eclipse.jdt.junit,3.7.0.v20110505-0800,"org.eclipse.jdt.junit.junitShortcut.rerunLast",1316639319339
activated,view,org.eclipse.jdt.ui,3.7.0.v20110531-1200,"org.eclipse.jdt.ui.PackageExplorer",1316639321647
activated,editor,org.eclipse.jdt.ui,3.7.0.v20110531-1200,"org.eclipse.jdt.ui.CompilationUnitEditor",1316639331305
executed,command,org.eclipse.ui,3.7.0.I20110602-0100,"org.eclipse.ui.file.save",1316639336847
deactivated,workbench,org.eclipse.ui.workbench,3.7.0.I20110519-0100,"",1316639339627
activated,workbench,org.eclipse.ui.workbench,3.7.0.I20110519-0100,"",1316639345970
activated,view,org.eclipse.egit.ui,1.0.0.201106090707-r,"org.eclipse.egit.ui.RepositoriesView",1316639354283
deactivated,workbench,org.eclipse.ui.workbench,3.7.0.I20110519-0100,"",1316639363976
activated,workbench,org.eclipse.ui.workbench,3.7.0.I20110519-0100,"",1316639366863
started,bundle,org.eclipse.egit.mylyn.ui,1.0.0.201106090707-r,"org.eclipse.egit.mylyn.ui",1316639367513
deactivated,workbench,org.eclipse.ui.workbench,3.7.0.I20110519-0100,"",1316639367987
activated,workbench,org.eclipse.ui.workbench,3.7.0.I20110519-0100,"",1316639387809
executed,command,org.eclipse.egit.ui,1.0.0.201106090707-r,"org.eclipse.egit.ui.team.Commit",1316639387946
deactivated,workbench,org.eclipse.ui.workbench,3.7.0.I20110519-0100,"",1316639388305
activated,workbench,org.eclipse.ui.workbench,3.7.0.I20110519-0100,"",1316639389547
deactivated,workbench,org.eclipse.ui.workbench,3.7.0.I20110519-0100,"",1316639395446
activated,workbench,org.eclipse.ui.workbench,3.7.0.I20110519-0100,"",1316639397301
executed,command,org.eclipse.egit.ui,1.0.0.201106090707-r,"org.eclipse.egit.ui.team.Push",1316639397397
started,bundle,org.eclipse.jsch.ui,1.1.300.I20110511-0800,"org.eclipse.jsch.ui",1316639397406
deactivated,workbench,org.eclipse.ui.workbench,3.7.0.I20110519-0100,"",1316639397730
activated,workbench,org.eclipse.ui.workbench,3.7.0.I20110519-0100,"",1316639408088
activated,view,org.eclipse.jdt.ui,3.7.0.v20110531-1200,"org.eclipse.jdt.ui.PackageExplorer",1316639415385
deactivated,workbench,org.eclipse.ui.workbench,3.7.0.I20110519-0100,"",1316639418735
activated,workbench,org.eclipse.ui.workbench,3.7.0.I20110519-0100,"",1316639446717
executed,command,org.eclipse.ui,3.7.0.I20110602-0100,"org.eclipse.ui.file.export",1316639446763
executed,command,org.eclipse.ui,3.7.0.I20110602-0100,"org.eclipse.ui.file.export",1316639446763
deactivated,workbench,org.eclipse.ui.workbench,3.7.0.I20110519-0100,"",1316639448294
activated,workbench,org.eclipse.ui.workbench,3.7.0.I20110519-0100,"",1316639726461
activated,editor,org.eclipse.jdt.ui,3.7.0.v20110531-1200,"org.eclipse.jdt.ui.CompilationUnitEditor",1316639729169
deactivated,workbench,org.eclipse.ui.workbench,3.7.0.I20110519-0100,"",1316639804087
activated,workbench,org.eclipse.ui.workbench,3.7.0.I20110519-0100,"",1316639825859
executed,command,org.eclipse.ui,3.7.0.I20110602-0100,"org.eclipse.ui.file.save",1316639831462
deactivated,workbench,org.eclipse.ui.workbench,3.7.0.I20110519-0100,"",1316639835159
activated,workbench,org.eclipse.ui.workbench,3.7.0.I20110519-0100,"",1316639838595
deactivated,workbench,org.eclipse.ui.workbench,3.7.0.I20110519-0100,"",1316639840368
activated,workbench,org.eclipse.ui.workbench,3.7.0.I20110519-0100,"",1316639844514
activated,view,org.eclipse.jdt.ui,3.7.0.v20110531-1200,"org.eclipse.jdt.ui.PackageExplorer",1316639849610
activated,editor,org.eclipse.jdt.ui,3.7.0.v20110531-1200,"org.eclipse.jdt.ui.CompilationUnitEditor",1316639854705
deactivated,workbench,org.eclipse.ui.workbench,3.7.0.I20110519-0100,"",1316639858942
activated,workbench,org.eclipse.ui.workbench,3.7.0.I20110519-0100,"",1316639865722
deactivated,workbench,org.eclipse.ui.workbench,3.7.0.I20110519-0100,"",1316639870229
activated,workbench,org.eclipse.ui.workbench,3.7.0.I20110519-0100,"",1316639873671
deactivated,workbench,org.eclipse.ui.workbench,3.7.0.I20110519-0100,"",1316639875067
activated,workbench,org.eclipse.ui.workbench,3.7.0.I20110519-0100,"",1316639879172
activated,view,org.eclipse.jdt.junit,3.7.0.v20110505-0800,"org.eclipse.jdt.junit.ResultView",1316639881285
executed,command,org.eclipse.jdt.junit,3.7.0.v20110505-0800,"org.eclipse.jdt.junit.junitShortcut.rerunLast",1316639882773
activated,editor,org.eclipse.jdt.ui,3.7.0.v20110531-1200,"org.eclipse.jdt.ui.CompilationUnitEditor",1316639886869
executed,command,org.eclipse.ui,3.7.0.I20110602-0100,"org.eclipse.ui.file.save",1316639898428
activated,view,org.eclipse.jdt.junit,3.7.0.v20110505-0800,"org.eclipse.jdt.junit.ResultView",1316639900602
executed,command,org.eclipse.jdt.junit,3.7.0.v20110505-0800,"org.eclipse.jdt.junit.junitShortcut.rerunLast",1316639900719
activated,editor,org.eclipse.jdt.ui,3.7.0.v20110531-1200,"org.eclipse.jdt.ui.CompilationUnitEditor",1316639903654
executed,command,org.eclipse.ui,3.7.0.I20110602-0100,"org.eclipse.ui.file.save",1316639905363
activated,view,org.eclipse.jdt.junit,3.7.0.v20110505-0800,"org.eclipse.jdt.junit.ResultView",1316639906826
executed,command,org.eclipse.jdt.junit,3.7.0.v20110505-0800,"org.eclipse.jdt.junit.junitShortcut.rerunLast",1316639906937
executed,command,org.eclipse.jdt.junit,3.7.0.v20110505-0800,"org.eclipse.jdt.junit.junitShortcut.rerunLast",1316639908548
executed,command,org.eclipse.jdt.junit,3.7.0.v20110505-0800,"org.eclipse.jdt.junit.junitShortcut.rerunLast",1316639909505
executed,command,org.eclipse.jdt.junit,3.7.0.v20110505-0800,"org.eclipse.jdt.junit.junitShortcut.rerunLast",1316639910436
executed,command,org.eclipse.jdt.junit,3.7.0.v20110505-0800,"org.eclipse.jdt.junit.junitShortcut.rerunLast",1316639911949
executed,command,org.eclipse.jdt.junit,3.7.0.v20110505-0800,"org.eclipse.jdt.junit.junitShortcut.rerunLast",1316639912962
executed,command,org.eclipse.jdt.junit,3.7.0.v20110505-0800,"org.eclipse.jdt.junit.junitShortcut.rerunLast",1316639914002
executed,command,org.eclipse.jdt.junit,3.7.0.v20110505-0800,"org.eclipse.jdt.junit.junitShortcut.rerunLast",1316639914906
executed,command,org.eclipse.jdt.junit,3.7.0.v20110505-0800,"org.eclipse.jdt.junit.junitShortcut.rerunLast",1316639915904
executed,command,org.eclipse.jdt.junit,3.7.0.v20110505-0800,"org.eclipse.jdt.junit.junitShortcut.rerunLast",1316639916918
activated,editor,org.eclipse.jdt.ui,3.7.0.v20110531-1200,"org.eclipse.jdt.ui.CompilationUnitEditor",1316639920202
executed,command,org.eclipse.ui,3.7.0.I20110602-0100,"org.eclipse.ui.file.save",1316639922308
activated,view,org.eclipse.jdt.junit,3.7.0.v20110505-0800,"org.eclipse.jdt.junit.ResultView",1316639924375
executed,command,org.eclipse.jdt.junit,3.7.0.v20110505-0800,"org.eclipse.jdt.junit.junitShortcut.rerunLast",1316639924492
executed,command,org.eclipse.jdt.junit,3.7.0.v20110505-0800,"org.eclipse.jdt.junit.junitShortcut.rerunLast",1316639925516
executed,command,org.eclipse.jdt.junit,3.7.0.v20110505-0800,"org.eclipse.jdt.junit.junitShortcut.rerunLast",1316639926497
executed,command,org.eclipse.jdt.junit,3.7.0.v20110505-0800,"org.eclipse.jdt.junit.junitShortcut.rerunLast",1316639927272
executed,command,org.eclipse.jdt.junit,3.7.0.v20110505-0800,"org.eclipse.jdt.junit.junitShortcut.rerunLast",1316639927598
deactivated,workbench,org.eclipse.ui.workbench,3.7.0.I20110519-0100,"",1316639927634
executed,command,org.eclipse.jdt.junit,3.7.0.v20110505-0800,"org.eclipse.jdt.junit.junitShortcut.rerunLast",1316639927897
executed,command,org.eclipse.jdt.junit,3.7.0.v20110505-0800,"org.eclipse.jdt.junit.junitShortcut.rerunLast",1316639927998
executed,command,org.eclipse.jdt.junit,3.7.0.v20110505-0800,"org.eclipse.jdt.junit.junitShortcut.rerunLast",1316639928081
activated,workbench,org.eclipse.ui.workbench,3.7.0.I20110519-0100,"",1316639937891
activated,view,org.eclipse.jdt.ui,3.7.0.v20110531-1200,"org.eclipse.jdt.ui.PackageExplorer",1316639940173
deactivated,workbench,org.eclipse.ui.workbench,3.7.0.I20110519-0100,"",1316639944466
activated,workbench,org.eclipse.ui.workbench,3.7.0.I20110519-0100,"",1316639966894
executed,command,org.eclipse.ui,3.7.0.I20110602-0100,"org.eclipse.ui.file.export",1316639966946
executed,command,org.eclipse.ui,3.7.0.I20110602-0100,"org.eclipse.ui.file.export",1316639966946
activated,view,org.eclipse.egit.ui,1.0.0.201106090707-r,"org.eclipse.egit.ui.RepositoriesView",1316639968065
deactivated,workbench,org.eclipse.ui.workbench,3.7.0.I20110519-0100,"",1316639970186
activated,workbench,org.eclipse.ui.workbench,3.7.0.I20110519-0100,"",1316639979536
executed,command,org.eclipse.egit.ui,1.0.0.201106090707-r,"org.eclipse.egit.ui.team.Commit",1316639979586
deactivated,workbench,org.eclipse.ui.workbench,3.7.0.I20110519-0100,"",1316639980083
activated,workbench,org.eclipse.ui.workbench,3.7.0.I20110519-0100,"",1316639981087
deactivated,workbench,org.eclipse.ui.workbench,3.7.0.I20110519-0100,"",1316639983726
activated,workbench,org.eclipse.ui.workbench,3.7.0.I20110519-0100,"",1316640032416
activated,editor,org.eclipse.jdt.ui,3.7.0.v20110531-1200,"org.eclipse.jdt.ui.CompilationUnitEditor",1316640041149
deactivated,workbench,org.eclipse.ui.workbench,3.7.0.I20110519-0100,"",1316640042654
activated,workbench,org.eclipse.ui.workbench,3.7.0.I20110519-0100,"",1316640098734
activated,editor,org.eclipse.jdt.ui,3.7.0.v20110531-1200,"org.eclipse.jdt.ui.CompilationUnitEditor",1316640102335
opened,editor,org.eclipse.jdt.ui,3.7.0.v20110531-1200,"org.eclipse.jdt.ui.CompilationUnitEditor",1316640114440
activated,editor,org.eclipse.jdt.ui,3.7.0.v20110531-1200,"org.eclipse.jdt.ui.CompilationUnitEditor",1316640114532
activated,editor,org.eclipse.jdt.ui,3.7.0.v20110531-1200,"org.eclipse.jdt.ui.CompilationUnitEditor",1316640121656
activated,editor,org.eclipse.jdt.ui,3.7.0.v20110531-1200,"org.eclipse.jdt.ui.CompilationUnitEditor",1316640123073
executed,command,org.eclipse.ui,3.7.0.I20110602-0100,"org.eclipse.ui.file.save",1316640150364
executed,command,org.eclipse.ui,3.7.0.I20110602-0100,"org.eclipse.ui.file.save",1316640154709
activated,view,org.eclipse.jdt.junit,3.7.0.v20110505-0800,"org.eclipse.jdt.junit.ResultView",1316640157741
executed,command,org.eclipse.jdt.junit,3.7.0.v20110505-0800,"org.eclipse.jdt.junit.junitShortcut.rerunLast",1316640158810
activated,editor,org.eclipse.jdt.ui,3.7.0.v20110531-1200,"org.eclipse.jdt.ui.CompilationUnitEditor",1316640162376
executed,command,org.eclipse.ui,3.7.0.I20110602-0100,"org.eclipse.ui.file.save",1316640176275
activated,view,org.eclipse.jdt.junit,3.7.0.v20110505-0800,"org.eclipse.jdt.junit.ResultView",1316640179189
executed,command,org.eclipse.jdt.junit,3.7.0.v20110505-0800,"org.eclipse.jdt.junit.junitShortcut.rerunLast",1316640179356
activated,view,org.eclipse.jdt.ui,3.7.0.v20110531-1200,"org.eclipse.jdt.ui.PackageExplorer",1316640189133
activated,editor,org.eclipse.jdt.ui,3.7.0.v20110531-1200,"org.eclipse.jdt.ui.CompilationUnitEditor",1316640190885
deactivated,workbench,org.eclipse.ui.workbench,3.7.0.I20110519-0100,"",1316640191554
activated,workbench,org.eclipse.ui.workbench,3.7.0.I20110519-0100,"",1316640246846
activated,editor,org.eclipse.jdt.ui,3.7.0.v20110531-1200,"org.eclipse.jdt.ui.CompilationUnitEditor",1316640253476
executed,command,org.eclipse.ui,3.7.0.I20110602-0100,"org.eclipse.ui.file.save",1316640293347
deactivated,workbench,org.eclipse.ui.workbench,3.7.0.I20110519-0100,"",1316640294588
activated,workbench,org.eclipse.ui.workbench,3.7.0.I20110519-0100,"",1316640307248
